sentence,skill,label,split,notes
"Built backend services with Python for internal finance tools.","Python",positive,train,"direct project evidence"
"Developed SQL queries for daily reporting dashboards.","SQL",positive,train,"direct query evidence"
"Used Git and GitHub pull requests for code review.","Git",positive,train,"workflow evidence"
"Packaged the API service with Docker for deployment.","Docker",positive,train,"deployment evidence"
"Maintained AWS Lambda jobs for file processing.","AWS",positive,train,"cloud service evidence"
"Created PostgreSQL views for analyst reporting.","PostgreSQL",positive,train,"database evidence"
"Implemented REST API endpoints with FastAPI.","REST API",positive,train,"api evidence"
"Implemented REST API endpoints with FastAPI.","FastAPI",positive,train,"framework evidence"
"Wrote Pandas scripts to clean transaction records.","Pandas",positive,train,"library evidence"
"Used Linux servers to troubleshoot scheduled jobs.","Linux",positive,train,"environment evidence"
"Automated backups with Bash scripts.","Bash",positive,train,"scripting evidence"
"Configured CI/CD pipelines with GitHub Actions.","CI/CD",positive,train,"pipeline evidence"
"Configured CI/CD pipelines with GitHub Actions.","GitHub Actions",positive,train,"tool evidence"
"Managed Kubernetes deployments for microservices.","Kubernetes",positive,train,"orchestration evidence"
"Built Airflow DAGs for scheduled data workflows.","Airflow",positive,train,"workflow evidence"
"Processed streaming events with Kafka consumers.","Kafka",positive,train,"streaming evidence"
"Created dashboards in Power BI for operations managers.","Power BI",positive,train,"analytics evidence"
"Analyzed customer churn using scikit-learn models.","Scikit-learn",positive,train,"ml evidence"
"Fine-tuned BERT models for text classification.","BERT",positive,train,"nlp evidence"
"Built NLP preprocessing pipelines for resume parsing.","Natural Language Processing",positive,train,"nlp evidence"
"Used Terraform modules to provision cloud resources.","Terraform",positive,train,"infrastructure evidence"
"Maintained Jenkins jobs for nightly builds.","Jenkins",positive,train,"ci tool evidence"
"Created MongoDB collections for event metadata.","MongoDB",positive,train,"database evidence"
"Optimized Redis caching for high traffic endpoints.","Redis",positive,train,"cache evidence"
"Built React components for an internal admin dashboard.","React",positive,train,"frontend evidence"
"Wrote TypeScript types for shared API contracts.","TypeScript",positive,train,"language evidence"
"Developed Node.js services for notification delivery.","Node.js",positive,train,"runtime evidence"
"Implemented Django views for customer support tools.","Django",positive,train,"framework evidence"
"Created Flask APIs for analytics experiments.","Flask",positive,train,"framework evidence"
"Maintained Java Spring Boot services in production.","Spring Boot",positive,train,"framework evidence"
"Used Azure storage queues in a reporting platform.","Azure",positive,train,"cloud evidence"
"Ran data engineering jobs with Spark and PySpark.","Spark",positive,train,"big data evidence"
"Built Tableau reports for sales leadership.","Tableau",positive,train,"bi evidence"
"Performed statistical analysis for A/B experiments.","Statistics",positive,train,"analysis evidence"
"Used NumPy arrays for numerical feature processing.","NumPy",positive,train,"library evidence"
"Trained PyTorch models for document classification.","PyTorch",positive,train,"ml framework evidence"
"Built TensorFlow prototypes for image classification.","TensorFlow",positive,train,"ml framework evidence"
"Used Hugging Face transformers for sentence embeddings.","Hugging Face",positive,train,"library evidence"
"Maintained MySQL tables for inventory tracking.","MySQL",positive,train,"database evidence"
"Wrote Microsoft SQL Server stored procedures.","Microsoft SQL Server",positive,train,"database evidence"
"Created Elasticsearch indexes for search features.","Elasticsearch",positive,train,"search evidence"
"Built GraphQL resolvers for product data.","GraphQL",positive,train,"api evidence"
"Designed microservices for billing and invoicing.","Microservices",positive,train,"architecture evidence"
"Worked in Agile sprints with product and QA teams.","Agile",positive,train,"process evidence"
"Led code review meetings for junior developers.","Leadership",positive,train,"leadership evidence"
"Communicated technical risks to non technical stakeholders.","Communication",positive,train,"soft skill evidence"
"Collaborated with analysts and engineers on data quality issues.","Teamwork",positive,train,"collaboration evidence"
"Solved production incidents by tracing logs and database state.","Problem Solving",positive,train,"problem solving evidence"
"Used Docker Compose to run services locally.","Docker",positive,validation,"container evidence"
"Deployed FastAPI applications on AWS ECS.","AWS",positive,validation,"cloud deployment evidence"
"Created Airflow tasks for a daily ETL pipeline.","Airflow",positive,validation,"scheduler evidence"
"Built Kafka producers for event ingestion.","Kafka",positive,validation,"streaming evidence"
"Wrote SQL transformations for finance datasets.","SQL",positive,validation,"query evidence"
"Used Git branches to manage release fixes.","Git",positive,validation,"version control evidence"
"Maintained Python ETL scripts for reporting.","Python",positive,test,"language evidence"
"Configured Kubernetes health checks for services.","Kubernetes",positive,test,"orchestration evidence"
"Used Pandas and NumPy for data cleaning.","Pandas",positive,test,"data library evidence"
"Created REST API documentation for client integrations.","REST API",positive,test,"api evidence"
"Implemented CI/CD releases with Jenkins.","Jenkins",positive,test,"ci tool evidence"
"Built PostgreSQL indexes to improve query speed.","PostgreSQL",positive,test,"database evidence"
"I do not have AWS experience.","AWS",negated,train,"explicit negation"
"No hands-on Docker experience is listed in my background.","Docker",negated,train,"explicit no experience"
"I have not worked with Kubernetes in production.","Kubernetes",negated,train,"not worked with"
"My projects did not use Airflow.","Airflow",negated,train,"did not use"
"I am not experienced with Kafka streaming systems.","Kafka",negated,train,"not experienced"
"I have never configured Jenkins pipelines.","Jenkins",negated,train,"never configured"
"I have no professional experience with Terraform.","Terraform",negated,train,"no professional experience"
"I did not deploy services on Azure.","Azure",negated,train,"did not deploy"
"I have not used Google Cloud in any project.","Google Cloud",negated,train,"not used"
"No React work was part of my previous role.","React",negated,train,"no work"
"I have not written TypeScript code professionally.","TypeScript",negated,train,"not written professionally"
"I do not know GraphQL.","GraphQL",negated,train,"do not know"
"I have never maintained MongoDB databases.","MongoDB",negated,train,"never maintained"
"I have not used Redis caching.","Redis",negated,train,"not used"
"I did not work with Elasticsearch.","Elasticsearch",negated,train,"did not work"
"I have no experience with Spark or Hadoop.","Spark",negated,train,"no experience"
"I have no experience with Spark or Hadoop.","Hadoop",negated,train,"no experience"
"I have not built machine learning models.","Machine Learning",negated,train,"not built"
"I have not trained BERT or transformer models.","BERT",negated,train,"not trained"
"I have not trained BERT or transformer models.","Transformer Models",negated,train,"not trained"
"I did not use PyTorch in my previous projects.","PyTorch",negated,train,"did not use"
"I did not use TensorFlow in my previous projects.","TensorFlow",negated,train,"did not use"
"No Power BI dashboards were created by me.","Power BI",negated,train,"no dashboards"
"I have not used Tableau.","Tableau",negated,train,"not used"
"I do not have Linux administration experience.","Linux",negated,train,"do not have"
"I have not written Bash scripts.","Bash",negated,train,"not written"
"I did not use CI/CD pipelines in that role.","CI/CD",negated,train,"did not use"
"I have never used GitHub Actions.","GitHub Actions",negated,train,"never used"
"I did not work with PostgreSQL.","PostgreSQL",negated,train,"did not work"
"I do not have MySQL experience.","MySQL",negated,train,"do not have"
"I have not maintained SQL Server systems.","Microsoft SQL Server",negated,train,"not maintained"
"I have no Java experience.","Java",negated,train,"no experience"
"I have not worked with Spring Boot.","Spring Boot",negated,train,"not worked"
"I do not have Node.js production experience.","Node.js",negated,train,"do not have"
"I have not developed Django applications.","Django",negated,train,"not developed"
"I have not built Flask APIs.","Flask",negated,train,"not built"
"I do not have FastAPI experience yet.","FastAPI",negated,train,"do not have"
"I have never designed microservices.","Microservices",negated,train,"never designed"
"I did not write REST APIs in my internship.","REST API",negated,train,"did not write"
"I have not performed statistical analysis.","Statistics",negated,train,"not performed"
"I did not use scikit-learn.","Scikit-learn",negated,train,"did not use"
"I have no experience with Hugging Face transformers.","Hugging Face",negated,train,"no experience"
"I have not done data engineering work.","Data Engineering",negated,train,"not done"
"I did not perform data analysis in that position.","Data Analysis",negated,train,"did not perform"
"I have not used Docker containers at work.","Docker",negated,train,"not used"
"No AWS deployment experience is included in my CV.","AWS",negated,validation,"no deployment experience"
"I have not managed Kubernetes clusters.","Kubernetes",negated,validation,"not managed"
"I never built Airflow DAGs.","Airflow",negated,validation,"never built"
"I do not have Kafka experience.","Kafka",negated,validation,"do not have"
"I have not configured GitHub Actions workflows.","GitHub Actions",negated,validation,"not configured"
"I did not use Terraform for infrastructure.","Terraform",negated,validation,"did not use"
"I have no hands-on Docker experience.","Docker",negated,test,"no hands-on"
"I have not deployed applications to AWS.","AWS",negated,test,"not deployed"
"I do not know Kubernetes.","Kubernetes",negated,test,"do not know"
"I have never worked with Airflow.","Airflow",negated,test,"never worked"
"I did not use CI/CD tools.","CI/CD",negated,test,"did not use"
"I have not written Kafka consumers.","Kafka",negated,test,"not written"
"I am currently learning AWS through online courses.","AWS",unclear,train,"learning is not evidence"
"I am interested in Docker but have not used it at work.","Docker",unclear,train,"interest only"
"I have basic exposure to Kubernetes concepts.","Kubernetes",unclear,train,"exposure only"
"I read documentation about Airflow DAGs.","Airflow",unclear,train,"reading only"
"I would like to work with Kafka in my next role.","Kafka",unclear,train,"future interest"
"I attended a Jenkins webinar.","Jenkins",unclear,train,"attendance only"
"I am familiar with Terraform terminology.","Terraform",unclear,train,"terminology only"
"I have seen Azure used by another team.","Azure",unclear,train,"observed only"
"I completed a beginner Google Cloud tutorial.","Google Cloud",unclear,train,"tutorial only"
"I am learning React in my free time.","React",unclear,train,"learning only"
"I have some awareness of TypeScript.","TypeScript",unclear,train,"awareness only"
"I want to improve my GraphQL knowledge.","GraphQL",unclear,train,"future intent"
"I briefly reviewed MongoDB examples.","MongoDB",unclear,train,"review only"
"I know Redis is used for caching.","Redis",unclear,train,"concept knowledge"
"I am curious about Elasticsearch.","Elasticsearch",unclear,train,"curiosity only"
"I studied Spark in a university course.","Spark",unclear,train,"course only"
"I learned about Hadoop architecture in class.","Hadoop",unclear,train,"class only"
"I am interested in machine learning.","Machine Learning",unclear,train,"interest only"
"I have read about BERT models.","BERT",unclear,train,"reading only"
"I understand the idea of transformer models.","Transformer Models",unclear,train,"concept only"
"I have watched PyTorch tutorials.","PyTorch",unclear,train,"tutorial only"
"I plan to learn TensorFlow.","TensorFlow",unclear,train,"plan only"
"I have viewed Power BI dashboards created by analysts.","Power BI",unclear,train,"viewed not created"
"I have explored Tableau sample reports.","Tableau",unclear,train,"sample only"
"I can navigate Linux basics but have not administered servers.","Linux",unclear,train,"basic familiarity"
"I know what Bash scripts are.","Bash",unclear,train,"concept knowledge"
"I have participated in meetings about CI/CD.","CI/CD",unclear,train,"meeting only"
"I observed GitHub Actions workflows maintained by DevOps.","GitHub Actions",unclear,train,"observed only"
"I have used applications backed by PostgreSQL.","PostgreSQL",unclear,train,"indirect usage"
"I learned MySQL syntax in a course.","MySQL",unclear,train,"course only"
"I have seen SQL Server reports.","Microsoft SQL Server",unclear,train,"indirect exposure"
"I studied Java during university.","Java",unclear,train,"study only"
"I know Spring Boot is used for Java services.","Spring Boot",unclear,train,"concept only"
"I have experimented with Node.js tutorials.","Node.js",unclear,train,"tutorial only"
"I followed a Django tutorial once.","Django",unclear,train,"tutorial only"
"I have read Flask documentation.","Flask",unclear,train,"reading only"
"I am learning FastAPI.","FastAPI",unclear,train,"learning only"
"I understand microservices at a high level.","Microservices",unclear,train,"high level"
"I have consumed REST APIs but not built them.","REST API",unclear,train,"not built"
"I took a statistics course.","Statistics",unclear,train,"course only"
"I have looked at scikit-learn examples.","Scikit-learn",unclear,train,"examples only"
"I follow Hugging Face model releases.","Hugging Face",unclear,train,"following only"
"I am interested in data engineering roles.","Data Engineering",unclear,train,"interest only"
"I supported reports created by the data analysis team.","Data Analysis",unclear,train,"indirect support"
"I want to learn Docker for deployment.","Docker",unclear,train,"future learning"
"I have basic familiarity with AWS services.","AWS",unclear,validation,"basic familiarity"
"I attended Kubernetes training but have not used it.","Kubernetes",unclear,validation,"training only"
"I know Airflow schedules workflows conceptually.","Airflow",unclear,validation,"concept only"
"I am interested in Kafka event streaming.","Kafka",unclear,validation,"interest only"
"I have seen CI/CD dashboards maintained by another team.","CI/CD",unclear,validation,"observed only"
"I completed a Terraform introduction course.","Terraform",unclear,validation,"course only"
"I am learning Docker from tutorials.","Docker",unclear,test,"learning only"
"I know AWS basics from certification study.","AWS",unclear,test,"study only"
"I have read about Kubernetes deployments.","Kubernetes",unclear,test,"reading only"
"I want to gain Airflow experience.","Airflow",unclear,test,"future intent"
"I have only theoretical knowledge of CI/CD.","CI/CD",unclear,test,"theoretical only"
"I am interested in Kafka but have no project experience.","Kafka",unclear,test,"interest without project"
"I have not used Ansible for configuration management.","Ansible",negated,train,"not used"
"I do not have Oracle Database administration experience.","Oracle Database",negated,train,"do not have"
"I have never written PHP applications.","PHP",negated,train,"never written"
"I am interested in learning Ansible.","Ansible",unclear,train,"interest only"
"I know Oracle Database is used in enterprise systems.","Oracle Database",unclear,train,"concept knowledge"
"I completed a short PHP tutorial.","PHP",unclear,train,"tutorial only"
"I built APIs with Python.","Python",positive,train,"direct first person evidence"
"I used AWS for production deployments.","AWS",positive,train,"direct first person evidence"
"I managed Kubernetes deployments.","Kubernetes",positive,train,"direct first person evidence"
"I do not have Python experience.","Python",negated,train,"direct first person negation"
"I have not used AWS for deployments.","AWS",negated,train,"direct first person negation"
"I did not manage Kubernetes clusters.","Kubernetes",negated,train,"direct first person negation"
"I am learning Python.","Python",unclear,train,"learning only"
"I have basic awareness of AWS.","AWS",unclear,train,"awareness only"
"I am interested in Kubernetes.","Kubernetes",unclear,train,"interest only"
"I have experience with Python but I do not have AWS experience.","Python",positive,train,"mixed sentence positive target"
"I have experience with Python but I do not have AWS experience.","AWS",negated,train,"mixed sentence negated target"
"I use Docker but I am learning Kubernetes.","Docker",positive,train,"mixed sentence positive target"
"I use Docker but I am learning Kubernetes.","Kubernetes",unclear,train,"mixed sentence unclear target"
"I write SQL queries but have not used Airflow.","SQL",positive,train,"mixed sentence positive target"
"I write SQL queries but have not used Airflow.","Airflow",negated,train,"mixed sentence negated target"
"I use Git daily but I am interested in GraphQL.","Git",positive,train,"mixed sentence positive target"
"I use Git daily but I am interested in GraphQL.","GraphQL",unclear,train,"mixed sentence unclear target"
"I have not used Kafka but I am learning Terraform.","Kafka",negated,train,"mixed sentence negated target"
"I have not used Kafka but I am learning Terraform.","Terraform",unclear,train,"mixed sentence unclear target"
"I do not have React experience but I have basic awareness of Azure.","React",negated,train,"mixed sentence negated target"
"I do not have React experience but I have basic awareness of Azure.","Azure",unclear,train,"mixed sentence unclear target"
